{
  "build": {
    "core": "esp32",
    "extra_flags": "-DESP32_DEV -DARDUINO_esp32vn-iot-uno",
    "f_cpu": "240000000L",
    "f_flash": "80000000L",
    "flash_mode": "dio",
    "ldscript": "esp32_out.ld",
    "mcu": "esp32",
    "variant": "esp32vn-iot-uno"
  },
  "frameworks": [
    "arduino",
    "espidf"
  ],
  "name": "ESP32vn IoT Uno",
  "upload": {
    "flash_size": "4MB",
    "maximum_ram_size": 294912,
    "maximum_size": 1044464,
    "require_upload_port": true,
    "resetmethod": "nodemcu",
    "speed": 115200,
    "wait_for_upload_port": true
  },
  "url": "https://esp32.vn/",
  "vendor": "ESP32vn"
}
