{
  "build": {
    "core": "esp32",
    "extra_flags": "-DESP32_DEV -DARDUINO_ESP320",
    "f_cpu": "240000000L",
    "f_flash": "80000000L",
    "flash_mode": "qio",
    "ldscript": "esp32_out.ld",
    "mcu": "esp32",
    "variant": "esp320"
  },
  "frameworks": [
    "arduino",
    "espidf"
  ],
  "name": "Electronic SweetPeas ESP320",
  "upload": {
    "flash_size": "4MB",
    "maximum_ram_size": 294912,
    "maximum_size": 1310720,
    "require_upload_port": true,
    "resetmethod": "nodemcu",
    "speed": 115200,
    "wait_for_upload_port": true
  },
  "url": "http://www.sweetpeas.se/controller-modules/10-esp210.html",
  "vendor": "Electronic SweetPeas"
}
